013CH232W-35C SN/03,10
013CH232W-37C SN/01,10
013CH232W-37C SN/02,10
013CH232WI-03C SN/01,1
013CH232WI-03C SN/03,2
013CH232WI-06C SN/01,1
013CH232WI-08C SN/03,3
013CH232WI-50C SN/03,2
013CH271-35C SP/180,5
013CH271-35C SP/182,5
013CH271-35C SP/184,5
013CH271-37C SP/183,30
013CH271I-03C SP/182,1
013CH271I-08C SN/03,1
013CH271I-08C SP/183,5
013CH271I-09C SN/01,1
013CH271I-09C SP/183,10
013CH271I-17C SN/01,1
013CH271I-17C SP/182,1
013CH271I-41C SN/02,1
013CH271I-41C SP/180,1
013CH271I-41C SP/181,1
013CH271I-42C SP/180,1
013CH271I-42C SP/183,1
013CH271I-49C SP/180,1
013CH271I-50C SN/02,2
013CH271I-50C SN/03,3
013CH271I-50C SP/183,5
