013CH232WI-03C SN/02,2
013CH232WI-06C SN/01,1
013CH232WI-08C SN/02,2
013CH232WI-08C SN/03,1
013CH232WI-09C SN/02,6
013CH232WI-49C SN/02,6
013CH232WI-49C SN/03,1
013CH232WI-50C SN/01,1
013CH232WI-50C SN/02,1
013CH232WI-50C SN/03,1
013CH271-35C SN/03,2
013CH271-37C SN/03,11
013CH271-37C SP/181,10
013CH271-37C SP/183,20
013CH271I-03C SP/183,4
013CH271I-08C SN/02,1
013CH271I-08C SN/03,2
013CH271I-08C SP/183,1
013CH271I-09C SN/02,1
013CH271I-09C SN/03,1
013CH271I-09C SP/181,1
013CH271I-09C SP/183,1
013CH271I-17C SN/02,1
013CH271I-17C SN/03,1
013CH271I-41C SP/180,1
013CH271I-41C SP/181,1
013CH271I-42C SN/02,1
013CH271I-42C SN/03,1
013CH271I-42C SP/183,1
013CH271I-49C SP/181,2
013CH271I-50C SN/03,2
