013CH232W-37C SN/03,30
013CH232WI-03C SN/02,1
013CH232WI-03C SN/03,1
013CH232WI-09C SN/03,2
013CH232WI-17C SN/03,1
013CH232WI-50C SN/01,1
013CH271-35C SP/181,1
013CH271-37C SP/180,10
013CH271-37C SP/181,1
013CH271-37C SP/183,20
013CH271I-03C SN/01,1
013CH271I-08C SN/03,2
013CH271I-08C SP/181,1
013CH271I-09C SP/181,1
013CH271I-17C SN/01,1
013CH271I-17C SP/181,2
013CH271I-17C SP/183,5
013CH271I-42C SP/180,5
013CH271I-49C SN/03,3
013CH271I-49C SP/180,1
013CH271I-49C SP/183,5
013CH271I-50C SN/02,1
013CH271I-50C SP/180,5
