013CH232W-20NC SN/01,2
013CH232W-20NC SN/02,1
013CH232W-20NC SN/03,1
013CH232W-35C SN/02,5
013CH232W-35C SN/03,5
013CH232W-37C SN/01,5
013CH232W-37C SN/02,24
013CH232W-37C SN/03,10
013CH232W-37C SP/206,15
013CH232W-37C SP/207,15
013CH232W-37C SP/209,6
013CH232WI-03C SN/02,2
013CH232WI-03C SP/206,3
013CH232WI-03C SP/207,3
013CH232WI-08C SN/02,3
013CH232WI-08C SN/03,2
013CH232WI-08C SP/206,3
013CH232WI-08C SP/207,3
013CH232WI-08C SP/209,3
013CH232WI-09C SN/02,3
013CH232WI-09C SP/206,3
013CH232WI-09C SP/207,3
013CH232WI-09C SP/209,3
013CH232WI-17C SP/206,2
013CH232WI-17C SP/207,2
013CH232WI-49C SN/02,2
013CH232WI-49C SN/03,5
013CH232WI-50C SN/02,2
013CH232WI-50C SN/03,5
013CH271-35C SP/182,5
013CH271-35C SP/184,5
013CH271-37C SN/01,10
013CH271-37C SN/02,30
013CH271-37C SN/03,25
013CH271-37C SP/181,10
013CH271-37C SP/183,10
013CH271I-03C SN/01,2
013CH271I-03C SN/02,3
013CH271I-03C SN/03,2
013CH271I-03C SP/180,2
013CH271I-08C SN/01,2
013CH271I-08C SN/02,5
013CH271I-08C SN/03,5
013CH271I-09C SN/01,2
013CH271I-09C SN/02,5
013CH271I-09C SP/184,1
013CH271I-17C SN/01,2
013CH271I-17C SN/02,2
013CH271I-17C SP/183,1
013CH271I-41C SN/01,2
013CH271I-41C SN/02,2
013CH271I-41C SN/03,3
013CH271I-42C SN/01,2
013CH271I-42C SN/02,2
013CH271I-49C SN/01,2
013CH271I-49C SN/02,6
013CH271I-49C SN/03,5
013CH271I-50C SN/01,2
013CH271I-50C SN/02,6
013CH271I-50C SN/03,5
013CH271I-50C SP/181,2
