013CH232W-37C SN/03,3
013CH232WI-03C SN/01,2
013CH232WI-03C SN/03,4
013CH232WI-08C SN/01,1
013CH232WI-08C SN/03,1
013CH232WI-09C SN/01,1
013CH232WI-09C SN/03,3
013CH232WI-17C SN/01,1
013CH232WI-49C SN/03,1
013CH232WI-50C SN/03,2
013CH271-37C SN/01,10
013CH271-37C SN/03,10
013CH271-37C SP/183,10
013CH271I-03C SN/01,1
013CH271I-03C SN/03,1
013CH271I-03C SP/183,4
013CH271I-08C SN/03,1
013CH271I-08C SP/183,2
013CH271I-09C SN/01,1
013CH271I-09C SN/02,1
013CH271I-09C SN/03,1
013CH271I-17C SN/01,2
013CH271I-17C SN/03,1
013CH271I-17C SP/183,4
013CH271I-41C SN/03,1
013CH271I-41C SP/183,1
013CH271I-42C SN/03,1
013CH271I-42C SP/180,1
013CH271I-42C SP/183,1
013CH271I-49C SN/01,3
013CH271I-49C SN/02,1
013CH271I-49C SN/03,1
013CH271I-50C SN/03,1
013CH271I-50C SP/180,2
013CH271I-50C SP/183,2
